Index	Occurrences	Percent of Successfully Demultiplexed Reads
GTAGCGTA	7860317	2.442575250898374
CGATCGAT	5460992	1.6969905799669418
GATCAAGG	6400291	1.988875562543801
AACAGCGA	8599276	2.672205043797135
TAGCCATG	10335490	3.2117295116606153
CGGTAATC	4839142	1.5037521368136753
CTCTGGAT	33874574	10.526445191348586
TACCGGAT	73847847	22.948046931736943
CTAGCTCA	16859555	5.239067557219376
CACTTCAC	4082273	1.2685568530137725
GCTACTCT	7103270	2.207324654011905
ACGATCAG	7757454	2.4106108125642507
TATGGCAC	10820378	3.3624073314301755
TGTTCCGT	15378414	4.77880643165779
GTCCTAAG	8569219	2.662864900859356
TCGACAAG	3738985	1.1618809043554168
TCTTCGAC	41062767	12.76015947036315
ATCATGCG	9765520	3.034612658007697
ATCGTGGT	6700466	2.08215424658904
TCGAGAGT	11341698	3.524406310580551
TCGGATTC	4443832	1.3809104724847894
GATCTTGC	3565072	1.1078378435463565
AGAGTCCA	10958748	3.4054054875435753
AGGATAGC	8438917	2.622373857006728
